Date,Close,Volume,Open,High,Low
11/06/2024,96.73,18162860,95.80,97.32,94.76
11/05/2024,99.21,10804150,99.97,101.09,98.955
11/04/2024,98.40,8681889,98.82,99.88,98.36
11/01/2024,97.58,8501018,98.22,98.2999,97.42
10/31/2024,97.98,8379347,97.80,98.10,96.755
10/30/2024,98.70,10179900,98.215,99.80,97.58
10/29/2024,99.83,13685370,101.45,101.45,99.53
10/28/2024,99.93,16044380,99.03,101.05,98.78
10/25/2024,97.42,16977100,98.30,98.90,97.05
10/24/2024,96.36,13602870,96.79,97.41,95.52
10/23/2024,98.00,13638150,100.165,100.22,97.735
10/22/2024,100.46,20650130,100.01,101.89,99.80
10/21/2024,100.91,10328630,100.475,101.65,100.115
10/18/2024,102.43,20824610,103.365,103.365,101.66
10/17/2024,100.07,15808250,101.25,101.45,99.55
10/16/2024,102.17,16432570,102.505,103.85,101.78
10/15/2024,101.84,28942620,103.99,104.41,101.64
10/14/2024,107.81,21351600,108.31,110.08,106.92
10/11/2024,110.14,18042610,108.05,111.05,107.22
10/10/2024,109.28,19736630,108.98,110.84,107.48
10/09/2024,107.89,28793000,105.80,109.38,105.62
10/08/2024,109.68,37414360,110.10,110.76,108.04
10/07/2024,117.52,38404020,117.45,117.82,113.37
10/04/2024,114.53,25699080,115.665,115.73,113.75
10/03/2024,112.84,29266950,110.90,114.09,110.63
10/02/2024,115.25,53732820,115.31,116.57,112.22
10/01/2024,112.74,44505030,106.42,112.79,106.15
09/30/2024,106.12,58695540,111.72,112.22,106.105
09/27/2024,107.33,50075190,105.97,109.43,105.73
09/26/2024,105.07,67261620,102.69,105.97,101.76
09/25/2024,95.46,18816620,94.38,96.18,94.06
09/24/2024,97.19,47423160,96.07,97.50,94.40
09/23/2024,90.09,19744060,89.47,91.15,89.32
09/20/2024,88.29,12277040,89.22,89.52,88.05
09/19/2024,88.49,18618350,87.625,88.565,86.95
09/18/2024,84.42,7858842,84.85,85.00,84.04
09/17/2024,84.70,10113890,84.82,85.77,84.63
09/16/2024,83.60,11298240,84.035,84.38,83.26
09/13/2024,84.69,8985457,84.39,84.89,83.82
09/12/2024,85.49,10781340,85.03,85.6801,84.86
09/11/2024,84.81,11551730,83.575,84.84,83.50
09/10/2024,83.80,15327770,83.80,84.30,82.715
09/09/2024,81.44,10434430,80.93,81.625,80.3199
09/06/2024,81.18,11712670,82.12,82.62,81.17
09/05/2024,82.43,8461044,82.105,83.01,82.00
09/04/2024,82.47,11114070,82.87,83.40,82.30
09/03/2024,82.27,11638190,81.78,83.02,81.70
08/30/2024,83.34,20027300,84.72,84.75,82.58
08/29/2024,81.02,14154160,81.24,81.465,80.46
08/28/2024,79.62,14024410,81.125,81.2799,79.205
08/27/2024,81.45,9026068,82.27,82.65,81.27
08/26/2024,81.76,29321680,81.89,82.305,80.3703
08/23/2024,85.41,17318000,84.90,85.79,84.36
08/22/2024,82.96,9728952,83.50,83.79,81.83
08/21/2024,83.53,14689960,81.85,83.80,81.71
08/20/2024,81.04,17880060,82.46,82.60,80.775
08/19/2024,83.91,14750990,83.98,84.90,83.49
08/16/2024,83.18,25249170,82.05,84.16,81.98
08/15/2024,79.54,31619350,77.90,81.88,77.74
08/14/2024,79.47,18058090,80.55,80.98,78.07
08/13/2024,81.10,9365727,80.965,81.40,80.68
08/12/2024,80.91,12127710,80.59,81.50,80.23
08/09/2024,79.99,7755860,79.97,80.22,79.195
08/08/2024,80.31,14004330,78.85,80.31,78.75
08/07/2024,77.83,9693911,78.92,78.94,77.46
08/06/2024,77.90,12128910,76.51,78.85,76.51
08/05/2024,76.98,16143260,74.03,77.255,73.87
08/02/2024,77.45,10808670,76.79,77.47,75.765
08/01/2024,77.98,8559620,78.77,79.36,77.84
07/31/2024,78.85,12178630,79.33,80.015,78.34
07/30/2024,78.00,8431939,78.22,78.79,77.70
07/29/2024,78.62,17364100,78.46,79.40,78.205
07/26/2024,76.53,10884540,75.26,76.77,74.55
07/25/2024,75.40,8172638,75.37,76.215,75.13
07/24/2024,75.80,7924719,76.15,77.06,75.72
07/23/2024,76.10,7997090,75.675,76.32,75.44
07/22/2024,76.64,9166842,76.83,77.19,76.26
07/19/2024,75.27,7557264,75.66,76.045,75.18
07/18/2024,76.54,11108630,77.36,78.32,76.3649
07/17/2024,77.04,10815550,77.86,77.95,76.49
07/16/2024,78.38,12304470,77.29,78.58,76.98
07/15/2024,78.01,12614930,78.09,78.60,77.45
07/12/2024,79.65,14857250,80.30,81.01,79.425
07/11/2024,78.52,18896930,77.66,78.83,77.4224
07/10/2024,76.01,12235170,75.28,76.655,75.25
07/09/2024,75.70,14516560,74.01,76.06,73.97
07/08/2024,73.50,10919430,73.61,73.71,72.95
07/05/2024,74.52,14928680,74.67,74.715,73.61
07/03/2024,75.57,11768520,74.18,75.805,74.18
07/02/2024,73.68,13419140,72.32,73.7767,71.97
07/01/2024,72.18,9034233,72.51,73.02,72.02
06/28/2024,72.00,10334970,72.37,72.555,71.80
06/27/2024,72.37,11865130,73.46,73.55,72.35
06/26/2024,74.17,7010071,73.925,74.35,73.67
06/25/2024,73.79,16986440,74.50,74.76,73.6101
06/24/2024,74.79,20134410,74.12,75.935,74.12
06/21/2024,73.67,10410820,73.79,74.6499,73.67
06/20/2024,74.35,9709377,74.57,75.2493,74.03
06/18/2024,74.46,10305290,74.085,75.10,73.85
06/17/2024,74.55,13466290,74.025,75.08,73.83
06/14/2024,73.35,18282710,74.21,74.29,73.26
06/13/2024,75.68,14026740,76.50,76.99,75.49
06/12/2024,78.04,12069550,78.75,78.79,77.64
06/11/2024,77.90,11108400,79.00,79.08,77.67
06/10/2024,79.30,9490137,78.57,79.74,78.24
06/07/2024,78.41,12190290,78.95,79.32,78.135
06/06/2024,80.01,11205280,79.42,80.055,78.76
06/05/2024,79.83,13716210,78.98,79.935,78.86
06/04/2024,78.45,10784380,78.18,78.857,77.775
06/03/2024,77.90,14244430,79.00,79.32,77.22
05/31/2024,78.34,20023890,77.96,78.4999,77.17
05/30/2024,79.63,13895740,78.865,80.20,78.70
05/29/2024,79.06,18448530,78.76,79.36,78.23
05/28/2024,80.58,15211750,80.80,81.72,80.04
05/24/2024,81.26,41456370,80.50,82.56,79.73
05/23/2024,80.80,23930260,81.43,82.94,80.05
05/22/2024,82.68,19717820,84.61,85.13,82.68
05/21/2024,86.13,16512390,86.52,87.17,85.32
05/20/2024,88.28,16737220,87.47,89.24,86.95
05/17/2024,88.54,35152880,87.60,90.46,86.83
05/16/2024,86.70,47259470,81.96,87.49,81.646
05/15/2024,80.99,17803260,80.39,81.13,79.78
05/14/2024,79.51,44687710,79.65,80.51,77.72
05/13/2024,84.60,32010690,82.71,85.00,82.60
05/10/2024,80.04,10819570,80.08,80.52,79.77
05/09/2024,79.46,9627274,79.50,79.92,78.71
05/08/2024,78.46,11327090,77.92,78.99,77.81
05/07/2024,79.37,14589100,79.93,79.93,78.815
05/06/2024,81.55,11826080,81.755,82.22,80.50
05/03/2024,81.33,19355810,81.27,81.37,79.70
05/02/2024,80.33,36663860,77.59,81.415,77.16
05/01/2024,75.51,10568660,74.99,76.25,74.87
04/30/2024,74.85,12855980,75.89,76.29,74.48
04/29/2024,76.41,13226200,75.65,76.53,75.22
04/26/2024,75.55,14216070,76.185,76.93,75.06
04/25/2024,75.11,11921910,73.805,75.20,73.805
04/24/2024,74.63,16375160,73.74,74.70,73.50
04/23/2024,72.51,15268170,71.08,72.80,70.99
04/22/2024,70.68,15015560,69.695,70.90,69.12
04/19/2024,69.07,13084100,68.42,69.15,68.36
04/18/2024,68.88,9491021,69.09,69.625,68.80
04/17/2024,68.82,12760590,69.71,70.01,68.725
04/16/2024,69.61,17478880,70.02,70.3074,69.29
04/15/2024,70.62,15903890,71.73,72.05,70.17
04/12/2024,71.29,18231430,72.94,72.98,71.29
04/11/2024,74.85,14986820,75.215,75.43,74.37
04/10/2024,74.59,20572160,74.445,75.17,73.74
04/09/2024,72.99,14075950,72.37,73.24,72.31
04/08/2024,71.71,10560050,71.96,72.39,71.56
04/05/2024,71.66,12260270,71.68,72.025,71.41
04/04/2024,71.95,11087060,72.98,73.23,71.90
04/03/2024,72.44,11777910,72.42,72.87,72.11
04/02/2024,72.88,17290350,72.57,73.14,72.51
04/01/2024,73.37,14311750,73.24,73.582,72.81
03/28/2024,72.36,14073410,72.08,72.59,72.055
03/27/2024,71.59,13281280,70.89,71.69,70.5825
03/26/2024,71.48,10881920,71.84,71.87,71.09
03/25/2024,71.46,12422140,71.94,72.49,71.36
03/22/2024,72.13,12771530,72.48,72.62,72.04
03/21/2024,73.83,11860660,74.30,74.74,73.77
03/20/2024,74.18,11123240,73.55,74.33,73.30
03/19/2024,73.42,8164247,73.08,73.735,72.85
03/18/2024,73.52,8542538,73.42,74.02,73.33
03/15/2024,73.42,10233670,73.575,74.13,73.39
03/14/2024,73.40,18923480,75.235,75.39,73.23
03/13/2024,76.39,15319790,75.94,77.45,75.94
03/12/2024,76.06,13314720,75.87,76.48,75.215
03/11/2024,74.86,13510360,74.63,76.06,74.55
03/08/2024,73.55,16430410,72.81,73.76,72.76
03/07/2024,72.54,12374680,72.60,72.7575,71.76
03/06/2024,73.71,19785290,74.20,74.72,73.61
03/05/2024,72.07,15804480,71.25,72.71,71.04
03/04/2024,72.00,19550070,73.73,73.73,71.70
03/01/2024,74.62,11980150,74.48,75.09,74.37
02/29/2024,74.03,12549170,74.68,75.04,73.80
02/28/2024,74.59,16905340,76.02,76.18,74.45
02/27/2024,77.68,14490200,77.53,78.05,77.25
02/26/2024,76.51,13973150,75.62,76.57,75.34
02/23/2024,75.96,12301720,76.48,76.935,75.15
02/22/2024,76.12,14836610,75.10,76.38,75.00
02/21/2024,75.58,23533800,74.48,76.39,74.07
02/20/2024,73.14,14353320,73.46,73.67,72.18
02/16/2024,73.91,16393340,74.86,75.37,73.90
02/15/2024,73.82,12078130,73.22,74.14,73.0846
02/14/2024,73.39,12817470,72.31,73.41,72.23
02/13/2024,71.60,13560580,71.96,73.03,71.42
02/12/2024,73.14,18151150,72.31,74.13,72.31
02/09/2024,72.02,18998380,70.80,72.085,70.00
02/08/2024,70.78,33070580,71.885,73.20,70.65
02/07/2024,73.64,53766280,74.555,76.17,73.15
02/06/2024,78.23,39361020,77.045,78.34,75.73
02/05/2024,74.63,27721030,72.17,75.15,71.86
02/02/2024,71.85,18824230,72.13,72.23,71.05
02/01/2024,72.46,14445830,73.155,73.47,72.12
01/31/2024,72.17,15743610,71.495,72.94,71.495
01/30/2024,72.32,17089650,72.46,73.065,72.085
01/29/2024,73.58,17537440,74.67,74.81,72.83
01/26/2024,74.01,19418230,73.10,74.72,72.92
01/25/2024,73.85,23268570,75.19,75.50,73.56
01/24/2024,75.20,36503320,75.285,75.62,74.22
01/23/2024,74.02,53017670,72.755,74.50,72.55
01/22/2024,68.63,27294180,67.28,68.7381,66.63
01/19/2024,69.42,34547700,67.20,69.905,66.92
01/18/2024,68.05,19306970,68.60,69.08,68.00
01/17/2024,68.93,22684440,67.72,69.00,67.26
01/16/2024,69.46,27606900,70.13,70.531,69.30
01/12/2024,71.84,16147290,72.59,73.43,71.81
01/11/2024,72.38,18095270,72.545,73.13,71.53
01/10/2024,71.41,19540000,71.38,71.775,71.045
01/09/2024,72.02,21451780,71.25,72.12,70.96
01/08/2024,72.88,21999990,71.25,73.06,70.92
01/05/2024,73.01,21725170,74.00,74.00,72.86
01/04/2024,74.66,18454890,75.56,75.725,74.4403
01/03/2024,76.59,24444640,74.33,76.69,74.07
01/02/2024,74.76,21739600,76.05,76.075,74.51
12/29/2023,77.51,14094640,77.06,77.635,76.82
12/28/2023,77.24,18937890,77.23,77.79,76.98
12/27/2023,76.11,14904480,76.28,76.45,75.41
12/26/2023,75.85,13121280,76.16,76.9687,75.73
12/22/2023,75.28,20004350,74.50,75.68,74.44
12/21/2023,76.26,20812090,74.86,76.29,74.35
12/20/2023,73.35,27540230,74.58,75.295,73.33
12/19/2023,75.39,20939300,74.40,76.01,74.22
12/18/2023,73.84,17233510,74.05,74.23,73.21
12/15/2023,74.51,31327520,74.00,75.545,73.32
12/14/2023,72.51,25199290,71.47,73.24,71.42
12/13/2023,71.46,21721640,70.91,71.48,70.12
12/12/2023,71.39,14725910,71.38,71.955,70.93
12/11/2023,71.37,19719320,70.49,71.61,70.08
12/08/2023,72.14,16914760,72.02,72.44,71.83
12/07/2023,72.33,18966690,71.545,72.37,71.44
12/06/2023,71.49,30394400,72.36,72.95,71.49
12/05/2023,72.38,19128980,72.04,72.70,71.92
12/04/2023,73.03,21074950,72.67,73.58,72.48
12/01/2023,73.99,27998600,73.12,74.14,72.12
11/30/2023,74.88,17884210,74.70,74.94,74.01
11/29/2023,74.67,30969100,75.00,75.456,74.425
11/28/2023,76.74,23682170,76.56,76.84,75.26
11/27/2023,77.53,18248170,77.555,79.25,77.09
11/24/2023,78.49,12251660,78.27,79.07,78.21
11/22/2023,78.96,18982120,79.28,79.71,78.13
11/21/2023,78.94,20525450,77.85,79.275,77.60
11/20/2023,78.46,31564890,76.91,78.745,76.56
11/17/2023,77.60,35580410,77.02,78.4658,76.75
11/16/2023,79.11,63008530,79.52,80.77,78.2305
11/15/2023,87.07,28991020,86.96,87.83,85.89
11/14/2023,83.87,20897620,82.76,84.535,82.32
11/13/2023,82.26,11236850,82.75,83.315,82.08
11/10/2023,82.75,9797571,82.41,82.87,81.66
11/09/2023,82.73,10885070,84.58,84.69,82.475
11/08/2023,84.80,8154582,84.62,85.73,84.48
11/07/2023,85.41,8829376,84.86,85.66,84.11
11/06/2023,85.36,9786396,86.55,86.72,85.23
11/03/2023,85.31,15148300,84.94,86.08,84.50
11/02/2023,83.41,10606320,83.65,83.98,83.03
11/01/2023,82.48,9549988,81.705,82.49,81.21
10/31/2023,82.54,12094310,81.94,82.54,80.88
10/30/2023,83.14,8980455,83.63,84.24,83.0112
10/27/2023,82.82,10795600,83.87,84.12,82.48
10/26/2023,82.51,13010370,81.265,83.09,81.20
10/25/2023,81.03,11390180,81.30,82.00,80.78
10/24/2023,82.87,17925850,80.45,83.32,80.44
10/23/2023,80.51,12715190,79.42,80.9262,79.02
10/20/2023,79.94,14636220,80.23,80.86,79.783
10/19/2023,81.61,12624120,81.48,82.395,81.115
10/18/2023,83.01,9321627,82.96,83.73,82.76
10/17/2023,83.91,8270035,82.75,84.36,82.56
10/16/2023,84.31,10075340,83.70,84.965,82.63
10/13/2023,84.02,10333070,84.06,85.49,83.75
10/12/2023,84.51,16158060,87.58,87.67,84.20
10/11/2023,87.78,11111520,88.01,88.7963,87.145
10/10/2023,87.17,13557780,85.67,87.74,85.57
10/09/2023,84.85,10880040,83.91,85.21,83.57
10/06/2023,86.06,13423650,84.25,86.515,84.00
10/05/2023,83.67,10334540,83.52,83.71,82.45
10/04/2023,84.08,8904691,84.275,84.54,83.6501
10/03/2023,84.54,11448820,84.50,85.00,83.95
10/02/2023,86.53,8209831,86.75,87.105,85.89
09/29/2023,86.74,9654824,87.29,87.95,86.605
09/28/2023,85.54,10093640,84.89,85.89,84.305
09/27/2023,86.19,7233891,86.38,86.55,85.30
09/26/2023,85.91,9666610,86.46,87.07,85.70
09/25/2023,87.22,9897193,85.88,87.27,85.77
09/22/2023,88.30,22469600,87.365,88.875,87.11
09/21/2023,84.11,10638860,83.86,84.775,83.76
09/20/2023,85.74,9228231,86.97,87.50,85.65
09/19/2023,87.11,9247017,86.12,87.88,86.08
09/18/2023,87.02,9291628,86.15,87.17,85.395
09/15/2023,87.07,10147650,87.77,88.22,86.82
09/14/2023,88.00,8643075,88.55,88.60,87.44
09/13/2023,87.64,10634900,87.94,88.29,87.382
09/12/2023,88.30,10262470,88.19,89.96,88.18
09/11/2023,88.71,15773510,89.73,90.35,87.71
09/08/2023,90.05,10343580,89.60,90.30,88.73
09/07/2023,89.97,18667210,91.64,91.76,88.955
09/06/2023,94.45,10123600,94.15,95.80,94.13
09/05/2023,94.65,10097590,94.53,95.3921,94.07
09/01/2023,95.01,17470360,94.55,96.68,94.52
08/31/2023,92.90,13332430,92.98,93.36,92.16
08/30/2023,93.65,13779900,92.55,94.25,92.47
08/29/2023,94.03,16927980,93.45,94.095,92.34
08/28/2023,92.24,14613750,91.50,92.77,91.29
08/25/2023,89.82,11382200,89.25,90.04,88.27
08/24/2023,89.11,10684540,90.49,90.92,89.04
08/23/2023,89.84,12185730,88.37,90.59,88.31
08/22/2023,88.08,11611580,89.28,89.49,87.86
08/21/2023,88.57,14167290,87.60,88.82,87.22
08/18/2023,88.03,20424820,87.78,88.36,86.86
08/17/2023,90.65,15732320,91.94,91.95,90.26
08/16/2023,89.12,23292420,89.63,90.50,88.29
08/15/2023,91.59,14756290,93.00,93.01,90.7446
08/14/2023,93.46,17580970,94.24,94.45,92.53
08/11/2023,95.72,25222750,97.34,97.65,94.34
08/10/2023,99.21,53193100,98.31,101.84,97.12
08/09/2023,94.85,18640070,96.025,96.30,94.08
08/08/2023,94.22,13504740,93.51,94.48,92.9218
08/07/2023,96.56,13893860,97.78,97.80,95.03
08/04/2023,96.90,13477300,97.735,98.49,96.69
08/03/2023,97.58,15462660,96.71,98.49,96.58
08/02/2023,95.07,19452330,97.72,97.74,94.56
08/01/2023,100.10,14418440,99.87,101.16,99.30
07/31/2023,102.16,17726470,99.79,102.50,99.72
07/28/2023,100.55,31956520,98.07,101.22,97.96
07/27/2023,95.44,18685520,97.75,97.99,95.1612
07/26/2023,97.14,15833420,94.95,97.545,94.84
07/25/2023,94.98,25827320,98.17,98.49,94.61
07/24/2023,96.35,33376080,92.07,97.4686,91.30
07/21/2023,92.17,13899060,92.89,93.23,91.54
07/20/2023,91.90,14752970,91.69,93.12,91.35
07/19/2023,92.09,17228060,93.57,94.71,92.09
07/18/2023,91.20,20249720,91.54,92.21,90.15
07/17/2023,93.41,17317290,92.25,93.55,91.04
07/14/2023,94.56,18897110,95.22,96.09,94.24
07/13/2023,96.61,24021400,95.03,97.005,94.60
07/12/2023,94.00,24161380,94.11,95.03,92.55
07/11/2023,91.79,20768840,91.02,92.32,89.01
07/10/2023,90.56,25401780,90.05,92.04,89.60
07/07/2023,90.55,46992150,86.76,91.57,86.63
07/06/2023,83.84,12943670,83.12,83.95,82.64
07/05/2023,84.30,11203850,83.98,84.69,82.82
07/03/2023,84.07,11514390,84.87,85.635,84.00
06/30/2023,83.35,12174290,83.23,84.23,83.01
06/29/2023,83.55,13362550,83.39,83.99,83.00
06/28/2023,84.59,14113820,85.75,85.75,84.38
06/27/2023,87.13,13994520,86.82,87.615,86.715
06/26/2023,85.47,10808690,85.32,86.71,85.21
06/23/2023,84.92,14907130,85.81,85.938,84.37
06/22/2023,86.89,10272700,86.78,87.315,85.32
06/21/2023,86.77,15159910,87.38,89.16,86.62
06/20/2023,87.93,23382870,89.83,90.20,87.32
06/16/2023,92.10,25087710,94.00,94.29,91.52
06/15/2023,92.20,26570480,91.46,92.77,90.60
06/14/2023,89.36,21519340,87.97,90.12,87.71
06/13/2023,87.51,16814140,87.96,89.22,87.25
06/12/2023,85.86,11575890,86.01,87.29,85.63
06/09/2023,85.50,12903410,86.06,86.8377,85.065
06/08/2023,86.14,11280950,85.17,86.95,85.17
06/07/2023,85.28,12886680,85.72,86.95,85.09
06/06/2023,86.70,18451960,83.50,87.06,83.37
06/05/2023,84.40,8204016,83.99,84.57,83.24
06/02/2023,84.27,17616090,85.08,86.03,84.14
06/01/2023,83.00,23217610,79.35,84.00,79.35
05/31/2023,79.55,16206280,79.58,79.665,77.77
05/30/2023,78.67,21209570,80.12,80.70,78.17
05/26/2023,80.97,16419960,79.90,81.5655,78.40
05/25/2023,78.78,21811560,80.59,80.71,78.12
05/24/2023,81.21,17045800,82.165,82.60,80.88
05/23/2023,82.88,19917790,84.16,84.975,82.70
05/22/2023,86.10,16951330,85.67,87.48,85.65
05/19/2023,83.98,21571830,83.85,85.20,83.48
05/18/2023,85.77,60258610,90.81,91.00,85.00
05/17/2023,90.68,27670690,88.46,91.43,88.01
05/16/2023,88.76,18177860,87.11,89.3699,87.06
05/15/2023,88.34,23691180,87.13,88.40,85.8329
05/12/2023,85.34,19042790,86.71,86.71,84.76
05/11/2023,87.89,28104160,85.43,88.48,84.82
05/10/2023,82.95,16868060,82.14,84.50,81.77
05/09/2023,82.22,13457350,80.545,82.66,80.15
05/08/2023,83.31,17392860,83.63,83.70,82.34
05/05/2023,83.22,17527620,82.75,83.38,82.03
05/04/2023,82.49,23773830,82.39,83.13,81.80
05/03/2023,81.48,17759400,81.305,82.00,80.49
05/02/2023,81.53,20689480,83.15,83.28,80.6538
05/01/2023,84.16,12909250,84.15,85.28,83.7711
04/28/2023,84.69,18109260,84.18,85.08,83.87
04/27/2023,84.47,24506830,83.07,84.64,82.64
04/26/2023,82.82,24983000,85.04,85.22,82.76
04/25/2023,82.92,36441350,85.32,85.70,82.212
04/24/2023,86.89,22757090,88.40,88.48,86.04
04/21/2023,89.13,23097340,89.96,90.19,88.30
04/20/2023,90.74,25533870,93.35,93.79,90.05
04/19/2023,93.49,18985230,94.60,94.82,92.95
04/18/2023,95.49,20672320,99.02,99.17,95.1805
04/17/2023,96.42,15714120,96.74,97.23,95.49
04/14/2023,94.55,14098700,95.63,96.12,93.84
04/13/2023,96.17,24231740,95.875,97.19,95.095
04/12/2023,93.84,35516000,97.82,98.89,93.58
04/11/2023,99.76,19017680,102.46,102.54,99.20
04/10/2023,101.54,16308330,100.62,102.83,100.59
04/06/2023,102.74,26849220,98.53,103.24,98.27
04/05/2023,98.55,20117750,99.24,100.45,97.66
04/04/2023,100.72,26868410,98.94,101.47,97.26
04/03/2023,98.39,26888140,100.89,101.75,97.61
03/31/2023,102.18,28382580,102.86,103.60,101.132
03/30/2023,103.38,57780700,101.34,105.05,100.50
03/29/2023,99.92,53695030,97.59,101.33,96.28
03/28/2023,98.40,118875200,95.35,99.51,92.06
03/27/2023,86.12,18258300,87.13,88.22,85.50
03/24/2023,86.90,20349650,85.87,88.11,85.63
03/23/2023,86.52,26861430,87.68,88.38,85.26
03/22/2023,83.65,21204670,84.84,85.39,83.51
03/21/2023,83.70,16529400,82.46,84.0875,82.00
03/20/2023,81.00,19536500,80.15,81.90,79.48
03/17/2023,81.67,23711140,84.00,84.16,80.62
03/16/2023,82.22,22922970,81.46,82.48,80.66
03/15/2023,81.51,21025310,81.55,82.54,80.15
03/14/2023,83.85,20126120,82.86,83.91,82.1601
03/13/2023,82.90,17848340,83.01,83.755,81.97
03/10/2023,82.96,18123070,82.64,84.52,82.33
03/09/2023,83.37,24327740,85.12,85.69,82.875
03/08/2023,86.95,14721540,87.39,87.77,86.45
03/07/2023,88.73,14514660,89.52,90.05,88.20
03/06/2023,89.62,16983870,89.585,91.3001,88.03
03/03/2023,89.70,25834350,90.11,90.46,88.40
03/02/2023,89.75,25691770,88.96,90.919,87.97
03/01/2023,89.95,35434900,92.92,92.92,89.73
02/28/2023,87.79,24597160,88.46,89.34,87.27
02/27/2023,89.25,25840000,90.85,91.24,88.895
02/24/2023,89.00,36174520,90.07,91.68,88.03
02/23/2023,94.16,40482950,100.10,100.47,92.13
02/22/2023,94.78,24484020,95.575,95.89,93.5546
02/21/2023,95.10,27172730,96.50,97.625,94.70
02/17/2023,100.01,18121640,101.00,101.09,99.25
02/16/2023,103.11,21747090,102.71,104.52,102.03
02/15/2023,103.08,18910240,102.39,103.44,102.00
02/14/2023,104.22,12978400,103.55,104.48,101.85
02/13/2023,104.79,17577830,105.99,106.35,104.15
02/10/2023,103.65,18776040,105.80,106.64,102.79
02/09/2023,108.46,16281300,108.50,109.81,107.75
02/08/2023,105.11,14329490,107.10,107.14,103.55
02/07/2023,105.50,16861660,106.84,107.35,103.72
02/06/2023,105.45,15337480,103.82,106.28,103.22
02/03/2023,106.33,15982160,108.05,109.5299,105.81
02/02/2023,109.74,23396930,112.50,112.525,107.81
02/01/2023,112.82,16623000,111.86,113.95,110.15
01/31/2023,110.20,15329980,109.42,112.08,108.81
01/30/2023,111.20,21918220,111.69,113.15,109.78
01/27/2023,118.38,18027370,119.69,119.71,116.81
01/26/2023,120.57,11170980,121.00,121.30,118.762
01/25/2023,120.25,9704954,118.51,120.32,117.50
01/24/2023,119.44,7807114,115.00,120.00,115.00
01/23/2023,119.53,13590220,120.00,120.30,118.1372
01/20/2023,119.86,18342690,118.302,120.06,117.80
01/19/2023,116.58,18489930,114.02,117.00,113.97
01/18/2023,113.22,15347920,116.75,116.75,113.04
01/17/2023,115.19,16945560,115.52,117.01,114.34
01/13/2023,117.01,25615110,114.52,117.98,114.09
01/12/2023,113.15,16590600,113.66,113.79,111.45
01/11/2023,115.02,22804410,114.60,115.2099,112.31
01/10/2023,114.88,33478580,112.97,115.48,111.21
01/09/2023,110.83,42085270,111.99,113.11,108.12
01/06/2023,107.40,21072360,104.11,108.00,102.46
01/05/2023,104.58,30400380,101.40,105.70,100.6401
01/04/2023,103.92,53291750,98.85,104.52,96.97
01/03/2023,91.98,27891040,91.11,94.45,90.75
12/30/2022,88.09,11926710,87.45,89.41,87.4101
12/29/2022,89.13,12535410,87.625,89.52,87.06
12/28/2022,87.20,16268790,88.98,90.15,86.4647
12/27/2022,89.86,22959940,86.55,90.6893,86.21
12/23/2022,85.65,17949300,87.85,88.65,85.5201
12/22/2022,87.97,16004790,89.08,89.69,86.67
12/21/2022,87.81,18212850,86.01,88.3869,85.46
12/20/2022,85.92,15315430,85.04,87.20,85.04
12/19/2022,87.16,20737010,89.75,89.78,86.5005
12/16/2022,86.79,25084560,88.80,90.57,86.61
12/15/2022,86.21,30419400,93.09,94.08,86.05
12/14/2022,90.91,15575490,91.06,91.265,89.50
12/13/2022,91.41,21150560,93.45,94.98,90.30
12/12/2022,89.41,15190210,90.09,90.889,87.75
12/09/2022,91.34,15452120,93.27,93.75,91.225
12/08/2022,94.17,29241460,91.97,94.335,91.08
12/07/2022,88.33,19507400,87.06,89.2595,86.62
12/06/2022,91.45,26675730,91.88,92.57,89.20
12/05/2022,90.52,30929820,92.90,92.90,89.63
12/02/2022,90.06,35042630,86.05,91.85,86.05
12/01/2022,85.94,20243020,84.35,87.60,84.26
11/30/2022,87.56,60169610,82.74,89.625,82.25
11/29/2022,79.86,24178080,80.24,80.89,79.45
11/28/2022,75.88,19119390,74.74,77.417,74.68
11/25/2022,75.50,13036880,75.50,76.05,74.92
11/23/2022,78.50,19032680,78.19,78.845,76.85
11/22/2022,75.99,20694110,75.44,76.80,74.58
11/21/2022,76.93,19005150,78.69,79.06,76.47
11/18/2022,80.48,29528330,82.15,82.52,79.86
11/17/2022,84.26,62050580,76.00,85.68,75.76
11/16/2022,78.16,26637350,80.32,80.45,77.41
11/15/2022,79.30,53150490,78.93,80.37,77.81
11/14/2022,71.33,30310710,73.16,74.00,71.32
11/11/2022,70.77,38723360,72.32,72.70,69.31
11/10/2022,69.77,28757180,68.03,69.99,68.00
11/09/2022,64.84,22099340,66.43,66.78,64.80
11/08/2022,68.13,23870180,67.62,68.92,66.27
11/07/2022,69.71,26087640,71.30,71.88,68.6722
11/04/2022,69.81,50595580,71.17,71.64,67.45
11/03/2022,65.21,23360520,63.42,66.88,63.40
11/02/2022,64.70,28298090,66.48,67.67,64.33
11/01/2022,65.86,27257000,68.01,68.4512,65.64
10/31/2022,63.58,20645270,63.49,64.8499,63.22
10/28/2022,63.74,28638000,63.20,64.15,61.82
10/27/2022,65.84,25812650,65.44,67.8799,65.42
10/26/2022,68.51,53063310,63.36,69.80,62.92
10/25/2022,63.22,69302370,65.08,66.1788,61.26
10/24/2022,63.15,101023200,63.39,64.10,58.01
10/21/2022,72.18,19526820,71.20,72.79,69.4652
10/20/2022,72.02,19173390,71.60,74.94,71.55
10/19/2022,71.27,23094470,73.28,74.33,70.52
10/18/2022,76.34,14970560,78.01,78.64,75.06
10/17/2022,76.77,14487400,75.15,77.87,75.11
10/14/2022,73.02,13697590,76.05,76.14,72.78
10/13/2022,75.01,17563440,72.24,75.78,71.40
10/12/2022,75.73,13247870,74.90,76.678,74.03
10/11/2022,75.37,18387950,77.38,77.84,74.14
10/10/2022,79.24,14070870,79.77,79.79,77.70
10/07/2022,81.24,11632450,82.35,83.71,80.755
10/06/2022,84.32,11583630,84.07,85.25,83.52
10/05/2022,84.39,13193990,84.10,86.29,83.25
10/04/2022,84.11,18251990,83.00,85.0326,82.34
10/03/2022,80.45,13249570,79.76,80.925,78.05
09/30/2022,79.99,17116870,78.74,81.78,78.65
09/29/2022,79.06,17913630,78.05,79.19,76.74
09/28/2022,80.99,20725410,76.485,81.48,76.28
09/27/2022,77.87,16975110,79.43,80.41,77.10
09/26/2022,78.91,17880570,79.94,80.9855,78.78
09/23/2022,78.80,20492120,79.26,79.77,77.60
09/22/2022,80.71,19141220,82.63,83.28,80.17
09/21/2022,81.60,23847350,85.12,85.16,81.50
09/20/2022,85.80,19129020,87.95,88.73,85.01
09/19/2022,87.66,12822130,85.10,87.765,85.00
09/16/2022,86.43,18751510,87.70,88.25,85.42
09/15/2022,88.83,12188850,88.63,91.095,88.20
09/14/2022,88.92,10843630,89.46,89.78,88.17
09/13/2022,89.47,21149820,90.76,92.18,89.23
09/12/2022,94.69,15604000,92.42,94.84,91.81
09/09/2022,92.14,10759200,91.05,92.90,90.72
09/08/2022,89.52,13291750,88.56,90.1799,88.28
09/07/2022,90.60,12753290,88.52,90.86,87.7564
09/06/2022,88.45,15573460,89.32,89.47,87.80
09/02/2022,91.80,12378940,91.77,93.668,90.77
09/01/2022,93.71,11929080,92.75,94.52,91.67
08/31/2022,95.41,16169040,96.66,98.62,94.92
08/30/2022,93.84,17865790,95.86,96.97,92.62
08/29/2022,96.60,18323470,98.96,100.91,96.48
08/26/2022,98.00,45773440,104.84,104.85,97.61
08/25/2022,99.89,39170610,96.06,101.03,94.95
08/24/2022,92.52,22808330,87.90,94.1482,87.55
08/23/2022,89.83,17345880,89.17,90.18,86.71
08/22/2022,90.03,15545030,89.57,90.88,89.30
08/19/2022,89.63,12364340,90.41,91.65,89.18
08/18/2022,90.74,13418560,90.05,91.93,88.52
08/17/2022,89.77,14491460,91.87,92.39,89.76
08/16/2022,92.65,12003160,92.69,93.5699,91.40
08/15/2022,94.20,14425110,93.20,94.63,92.38
08/12/2022,94.77,17846430,91.51,94.80,91.43
08/11/2022,94.87,17521230,94.49,97.71,93.63
08/10/2022,92.43,17855370,91.17,92.95,88.56
08/09/2022,91.19,16744910,91.19,93.1199,90.60
08/08/2022,90.84,16194090,91.47,92.75,90.34
08/05/2022,92.56,27206130,93.07,94.17,90.7301
08/04/2022,97.43,42517830,101.07,103.00,95.06
08/03/2022,95.72,23921690,92.00,96.30,90.92
08/02/2022,92.62,34430520,88.20,94.87,88.20
08/01/2022,90.34,36050930,89.19,90.54,88.00
07/29/2022,89.37,59201760,94.22,94.22,89.11
07/28/2022,100.55,33875400,101.92,102.68,95.62
07/27/2022,102.78,19366620,102.20,102.97,99.80
07/26/2022,101.44,28004260,104.31,105.25,100.81
07/25/2022,101.06,16604300,100.50,101.27,98.74
07/22/2022,100.61,18819830,104.31,104.70,99.68
07/21/2022,105.13,17865510,104.06,106.61,103.68
07/20/2022,103.96,21897870,106.24,107.16,102.85
07/19/2022,104.75,19842520,103.97,104.82,101.53
07/18/2022,103.14,20503350,105.88,106.96,102.95
07/15/2022,102.44,33572300,103.49,103.64,97.84
07/14/2022,103.76,35314900,107.80,108.54,100.71
07/13/2022,109.10,16861430,106.84,110.64,106.75
07/12/2022,109.21,22318510,110.86,111.00,107.06
07/11/2022,109.57,31296870,115.46,115.58,109.33
07/08/2022,120.90,27221430,122.26,125.84,120.70
07/07/2022,122.39,24202040,120.63,125.00,120.63
07/06/2022,119.12,20222720,118.93,120.00,115.51
07/05/2022,120.13,21017800,114.51,120.53,112.14
07/01/2022,116.00,16679400,113.63,116.625,112.92
06/30/2022,113.68,13836210,113.77,114.60,111.38
06/29/2022,116.03,13793930,115.81,117.09,113.71
06/28/2022,116.76,18678980,118.98,120.93,116.51
06/27/2022,118.73,21724330,119.97,121.38,117.88
06/24/2022,117.62,27029850,115.30,118.09,114.30
06/23/2022,112.11,33228160,109.96,113.0898,108.0811
06/22/2022,105.15,24264480,104.23,107.10,103.08
06/21/2022,106.39,33974970,105.96,107.062,103.87
06/17/2022,102.24,73019300,112.54,112.75,101.3263
06/16/2022,101.45,22357760,102.79,104.91,100.51
06/15/2022,108.03,24026060,106.81,108.63,104.3819
06/14/2022,105.23,28567490,101.99,106.075,100.83
06/13/2022,98.52,36396680,103.61,104.53,97.58
06/10/2022,109.84,49897030,113.66,114.82,108.24
06/09/2022,109.90,72637210,115.00,118.2196,109.44
06/08/2022,119.62,92336980,108.26,121.055,107.81
06/07/2022,104.32,35958730,99.99,104.4599,99.42
06/06/2022,99.01,37287190,99.64,102.42,97.915
06/03/2022,93.21,15855930,95.15,96.00,93.0227
06/02/2022,97.50,23228130,93.67,97.63,93.40
06/01/2022,93.38,23730920,95.90,96.9299,91.88
05/31/2022,96.05,33790020,98.33,99.32,95.45
05/27/2022,93.41,26715970,92.21,94.50,90.37
05/26/2022,94.48,50825030,87.30,95.09,86.73
05/25/2022,82.31,23093700,83.72,84.07,81.07
05/24/2022,82.47,15214410,84.99,85.12,81.54
05/23/2022,87.23,13998250,87.06,87.415,84.76
05/20/2022,86.79,21020830,88.70,90.17,84.73
05/19/2022,87.69,20776430,86.18,90.09,85.74
05/18/2022,87.31,18991270,90.00,91.64,87.00
05/17/2022,91.99,27330330,92.75,94.48,89.54
05/16/2022,86.48,19644810,87.70,89.08,86.34
05/13/2022,87.99,20078380,82.12,88.36,82.00
05/12/2022,81.09,23833080,80.68,83.12,78.01
05/11/2022,81.73,24962410,85.51,87.52,81.47
05/10/2022,84.57,23400880,88.64,88.64,83.51
05/09/2022,84.84,23338570,86.955,88.60,84.43
05/06/2022,90.05,18568580,93.36,93.86,88.71
05/05/2022,94.64,18673100,97.94,98.47,94.0501
05/04/2022,101.41,17740620,97.72,101.57,96.61
05/03/2022,100.38,15216110,100.13,102.69,99.43
05/02/2022,101.21,25479550,96.41,101.32,95.15
04/29/2022,97.09,44933350,101.53,103.52,96.66
04/28/2022,90.91,17707500,88.62,90.98,86.94
04/27/2022,88.32,29351560,85.32,89.41,84.78
04/26/2022,83.99,21194570,85.87,86.24,83.28
04/25/2022,85.84,24673980,82.70,86.17,81.80
04/22/2022,86.49,25130270,86.50,90.6801,86.3106
04/21/2022,85.99,25639030,89.55,90.01,85.40
04/20/2022,89.41,20949710,93.48,93.70,89.27
04/19/2022,93.50,23869960,92.29,93.95,90.95
04/18/2022,94.71,19159170,93.77,95.2799,91.82
04/14/2022,95.49,20931240,97.29,99.2707,95.305
04/13/2022,100.03,18330410,99.24,101.35,98.21
04/12/2022,99.75,23953620,101.18,102.33,99.39
04/11/2022,101.55,23504130,101.09,103.92,99.16
04/08/2022,103.53,20814870,104.48,106.47,103.3285
04/07/2022,104.27,26814260,106.68,107.53,102.61
04/06/2022,107.68,23739790,109.24,109.47,106.12
04/05/2022,111.00,35226040,115.00,115.00,110.23
04/04/2022,117.50,39118590,115.70,118.22,113.375
04/01/2022,110.20,55873020,117.62,118.95,109.75
03/31/2022,108.80,31240220,115.03,115.09,108.71
03/30/2022,116.58,28381710,115.54,120.1022,115.54
03/29/2022,116.71,28060920,118.36,119.60,115.74
03/28/2022,115.09,30168020,113.86,116.23,111.92
03/25/2022,112.99,42396480,110.53,113.86,109.40
03/24/2022,115.15,55850180,112.86,116.50,110.82
03/23/2022,117.24,81605670,115.70,124.1112,112.68
03/22/2022,114.99,88193400,114.01,118.24,112.37
03/21/2022,103.59,58882860,102.81,105.68,98.70
03/18/2022,108.30,83781780,100.50,111.74,99.60
03/17/2022,100.37,80663210,99.14,101.89,95.77
03/16/2022,104.98,159834300,92.00,105.74,87.12
03/15/2022,76.76,86209270,75.10,80.14,73.28
03/14/2022,77.76,69992640,80.70,82.45,77.08
03/11/2022,86.71,39341800,93.26,93.95,86.68
03/10/2022,92.92,37671160,95.19,95.70,90.82
03/09/2022,100.93,20853630,100.26,100.97,98.32
03/08/2022,97.50,23275460,99.32,100.91,95.57
03/07/2022,98.66,20679440,99.56,103.36,98.60
03/04/2022,100.60,24591660,100.29,104.39,99.33
03/03/2022,102.05,21725870,106.03,106.6299,101.07
03/02/2022,105.42,20791840,107.39,107.39,103.24
03/01/2022,107.09,21218500,105.85,111.25,105.85
02/28/2022,105.19,23063510,105.97,107.49,103.64
02/25/2022,107.94,21428380,107.89,108.55,104.00
02/24/2022,108.93,35294740,100.074,108.95,100.02
02/23/2022,109.72,24489230,115.10,115.40,109.60
02/22/2022,112.93,21755080,114.00,114.85,112.06
02/18/2022,118.99,21201450,120.88,120.88,117.20
02/17/2022,124.43,15905990,125.00,129.40,124.0563
02/16/2022,125.56,17993290,125.61,127.58,124.51
02/15/2022,126.24,14634690,123.77,126.805,123.3776
02/14/2022,121.92,13154930,120.56,122.384,119.37
02/11/2022,122.25,13889860,125.335,126.72,121.94
02/10/2022,123.98,16116610,124.11,128.34,123.40
02/09/2022,126.50,18253570,123.09,126.80,121.94
02/08/2022,121.90,22340510,118.16,122.24,116.80
02/07/2022,114.82,28589200,116.10,116.55,113.60
02/04/2022,122.22,13538230,121.27,123.94,119.66
02/03/2022,123.47,16651450,121.55,125.27,120.73
02/02/2022,122.88,14050110,127.63,127.63,121.17
02/01/2022,127.22,15036090,124.81,128.00,122.97
01/31/2022,125.79,20346450,118.17,125.87,117.50
01/28/2022,115.23,18892420,113.25,115.32,110.06
01/27/2022,111.79,21472710,113.11,114.54,110.27
01/26/2022,113.37,27513220,120.93,120.93,112.9624
01/25/2022,119.14,22224080,119.91,122.4599,118.04
01/24/2022,120.37,28552360,119.32,120.78,115.32
01/21/2022,123.23,26341430,128.23,128.96,122.5207
01/20/2022,131.03,28966440,135.77,136.75,130.68
01/19/2022,127.74,14665150,128.10,130.86,127.13
01/18/2022,128.60,26141710,126.27,132.13,124.82
01/14/2022,131.57,18614920,132.81,134.36,129.35
01/13/2022,131.37,19887680,135.20,135.92,131.30
01/12/2022,137.41,25961080,136.02,138.70,135.585
01/11/2022,132.19,23616430,129.21,134.23,127.47
01/10/2022,128.30,23372230,131.99,132.60,126.23
01/07/2022,129.81,38113000,130.24,133.88,128.18
01/06/2022,126.63,32045780,124.26,128.3999,123.465
01/05/2022,121.16,36651070,118.00,126.62,117.7001
01/04/2022,119.56,20824000,119.53,120.87,115.77
01/03/2022,120.38,16789350,119.38,121.95,115.82
12/31/2021,118.79,24287050,121.23,122.91,118.59
12/30/2021,122.99,45437130,112.63,124.30,112.30
12/29/2021,112.09,21100460,113.80,114.20,110.38
12/28/2021,114.80,17052100,116.26,116.42,114.47
12/27/2021,116.59,17864370,117.80,121.80,116.1021
12/23/2021,118.66,17563250,116.80,119.59,115.39
12/22/2021,117.81,24502010,117.09,118.66,115.15
12/21/2021,122.98,18036280,116.85,122.98,116.60
12/20/2021,115.00,23970490,118.50,118.83,113.695
12/17/2021,122.10,19781130,119.49,122.87,117.81
12/16/2021,120.25,22533390,122.32,125.69,118.90
12/15/2021,122.47,24893460,122.63,123.59,117.77
12/14/2021,126.58,17691500,120.93,127.65,120.30
12/13/2021,122.24,15820490,123.00,123.25,119.75
12/10/2021,125.06,15008280,123.22,125.21,122.7797
12/09/2021,123.91,23499300,124.63,127.76,123.2117
12/08/2021,125.08,22275030,123.21,126.97,121.32
12/07/2021,125.54,38542810,129.30,129.4499,123.4601
12/06/2021,123.60,43111400,113.64,123.82,113.43
12/03/2021,111.96,70266470,118.00,118.19,108.70
12/02/2021,122.00,34478640,123.02,125.00,119.3401
12/01/2021,122.49,29340500,128.37,129.155,121.90
11/30/2021,127.53,32625450,129.901,131.32,126.13
11/29/2021,131.61,18648850,134.25,134.55,130.55
11/26/2021,133.35,14814900,132.93,133.9804,131.22
11/24/2021,136.52,20010440,133.10,136.76,131.22
11/23/2021,133.66,24102860,136.032,136.8499,133.31
11/22/2021,136.62,26390390,139.90,140.70,135.21
11/19/2021,140.34,28575740,143.04,145.06,140.00
11/18/2021,143.60,61571450,146.91,148.50,141.89
11/17/2021,161.58,18829530,168.02,168.30,161.135
11/16/2021,168.43,11887510,168.60,169.94,166.67
11/15/2021,166.54,9655711,167.22,168.46,165.67
11/12/2021,166.81,13741780,165.174,167.80,163.40
11/11/2021,167.85,16747450,166.56,169.63,166.56
11/10/2021,163.97,17216800,163.68,166.48,161.82
11/09/2021,160.19,14010130,162.16,164.48,159.54
11/08/2021,162.16,16223100,161.765,162.16,159.48
11/05/2021,158.73,22098220,164.795,164.795,158.30
11/04/2021,164.79,16669250,169.28,169.94,164.50
11/03/2021,166.24,13569680,165.36,166.65,163.11
11/02/2021,162.90,19072890,167.10,167.10,162.76
11/01/2021,170.17,17609490,165.84,171.895,165.80
10/29/2021,164.94,17155370,167.07,168.56,162.72
10/28/2021,169.79,12440140,168.49,170.35,166.77
10/27/2021,169.23,11801790,167.53,172.45,167.34
10/26/2021,169.99,17576990,174.48,174.90,167.48
10/25/2021,176.17,13119710,177.86,178.28,173.83
10/22/2021,177.70,20807340,179.08,182.09,175.81
10/21/2021,177.42,16444000,177.00,179.78,176.71
10/20/2021,177.18,33714430,180.95,182.09,176.1301
10/19/2021,177.00,33538850,170.60,177.44,170.45
10/18/2021,166.82,18945870,166.58,169.25,166.58
10/15/2021,168.00,20762750,166.99,169.80,165.435
10/14/2021,166.78,17403730,168.26,168.99,164.46
10/13/2021,167.40,18595000,164.38,168.265,163.60
10/12/2021,163.00,24512650,163.825,165.73,162.24
10/11/2021,163.95,42193580,169.61,169.80,163.95
10/08/2021,161.52,33499200,159.86,162.78,157.91
10/07/2021,156.00,46035860,151.05,158.29,150.75
10/06/2021,144.10,14875900,140.56,144.892,139.96
10/05/2021,143.14,14032090,139.38,143.83,139.19
10/04/2021,139.63,25218520,141.70,141.90,138.43
10/01/2021,144.20,20210950,147.09,148.45,143.34
09/30/2021,148.05,14291490,147.03,149.58,146.8644
09/29/2021,147.58,17361310,150.46,152.10,147.48
09/28/2021,152.39,26299630,152.16,153.73,148.86
09/27/2021,150.18,24287440,144.92,150.99,144.44
09/24/2021,145.08,32067360,147.71,148.00,144.57
09/23/2021,151.19,24707480,152.58,152.68,149.61
09/22/2021,151.89,19832040,151.47,154.00,151.02
09/21/2021,150.18,19494710,151.58,152.58,149.571
09/20/2021,151.49,36177470,154.40,155.14,149.09
09/17/2021,160.05,25543290,158.48,160.38,158.09
09/16/2021,156.26,24358940,154.92,157.6388,153.67
09/15/2021,157.86,31796630,157.95,158.03,153.92
09/14/2021,160.15,20925920,162.86,163.069,159.48
09/13/2021,165.41,15458610,164.49,166.8623,163.02
09/10/2021,168.10,15064270,171.20,171.64,167.61
09/09/2021,167.32,17295800,167.30,169.04,165.58
09/08/2021,170.71,18993030,174.25,174.37,169.26
09/07/2021,175.16,24608470,174.15,176.84,173.37
09/03/2021,170.30,16440500,169.525,172.06,168.88
09/02/2021,172.00,29374890,178.01,178.18,171.67
09/01/2021,173.28,29550200,169.56,174.79,169.33
08/31/2021,166.99,24629110,167.70,169.00,166.14
08/30/2021,162.29,23769390,160.17,163.29,158.23
08/27/2021,159.47,31718050,159.99,161.7699,158.55
08/26/2021,165.24,18816500,167.46,168.45,164.82
08/25/2021,169.10,26055350,168.70,169.61,166.08
08/24/2021,171.70,62786400,169.04,174.1515,168.1575
08/23/2021,161.06,88699150,159.28,161.47,152.80
08/20/2021,157.96,75948870,164.12,166.93,155.50
08/19/2021,160.55,66662950,166.70,167.2644,159.51
08/18/2021,172.35,34339830,174.10,175.36,172.11
08/17/2021,173.73,40557980,175.92,177.89,173.15
08/16/2021,182.71,21044110,185.00,186.26,181.51
08/13/2021,188.62,15376980,188.61,189.26,186.71
08/12/2021,191.66,12885440,191.17,192.98,189.685
08/11/2021,194.86,8985075,196.60,196.92,194.73
08/10/2021,195.73,9983680,197.27,198.45,195.0727
08/09/2021,195.25,14657160,194.58,195.50,192.82
08/06/2021,196.39,11967720,199.25,199.32,195.68
08/05/2021,199.28,9881409,199.27,200.29,197.64
08/04/2021,200.71,22327280,197.49,203.275,196.91
08/03/2021,197.38,20115920,195.01,197.44,192.00
08/02/2021,200.09,17889190,196.27,202.07,196.25
07/30/2021,195.19,17250600,190.58,196.045,190.49
07/29/2021,197.54,23363230,201.045,201.14,194.91
07/28/2021,196.01,34535180,190.23,198.00,189.76
07/27/2021,186.07,59265660,183.59,186.90,179.6701
07/26/2021,191.76,55736770,198.37,198.575,190.88
07/23/2021,206.53,25539860,206.29,206.89,203.56
07/22/2021,214.04,10563110,212.64,216.39,212.60
07/21/2021,211.08,7650329,209.15,211.85,208.42
07/20/2021,210.59,9986819,209.00,211.50,207.4668
07/19/2021,208.91,15865820,206.10,209.08,203.24
07/16/2021,212.10,11150240,214.85,215.20,211.46
07/15/2021,214.76,14283580,215.11,216.60,213.1606
07/14/2021,211.50,19484210,215.50,216.35,211.03
07/13/2021,209.51,17375880,209.23,212.81,208.19
07/12/2021,205.48,11259480,203.90,206.455,203.02
07/09/2021,205.94,16911270,202.05,207.268,201.50
07/08/2021,199.85,33992500,201.71,202.28,198.26
07/07/2021,208.00,18340420,211.61,212.05,207.82
07/06/2021,211.60,23719920,215.32,215.40,209.3733
07/02/2021,217.75,12998040,219.16,219.50,216.46
07/01/2021,221.87,13327740,228.07,228.85,221.55
06/30/2021,226.78,9348629,226.99,227.98,225.68
06/29/2021,229.44,10273760,226.70,229.64,225.602
06/28/2021,228.59,13564910,229.50,230.89,226.72
06/25/2021,228.50,27383930,221.71,230.25,221.10
06/24/2021,218.38,13488240,216.99,219.58,215.56
06/23/2021,214.86,13785780,214.19,216.33,213.13
06/22/2021,211.32,11092090,210.42,211.66,209.86
06/21/2021,211.06,9273843,210.55,211.78,208.99
06/18/2021,212.30,13724630,212.01,213.84,210.59
06/17/2021,211.60,11233730,209.90,212.49,209.77
06/16/2021,209.32,10917790,209.75,211.62,208.2256
06/15/2021,210.06,12166960,214.17,214.49,209.64
06/14/2021,213.94,10773080,212.25,215.165,212.2435
06/11/2021,211.64,12276590,213.45,213.46,211.00
06/10/2021,213.07,10735900,213.50,214.80,212.21
06/09/2021,213.32,10233550,215.21,216.57,213.31
06/08/2021,215.82,9443049,217.29,218.23,214.74
06/07/2021,216.90,9928599,218.00,218.40,215.69
06/04/2021,219.02,8999092,218.28,219.08,217.14
06/03/2021,217.04,12448120,218.00,218.70,216.305
06/02/2021,219.59,13126420,219.43,219.94,217.46
06/01/2021,219.48,23052850,223.02,223.13,218.24
05/28/2021,213.96,10401470,212.76,214.53,212.06
05/27/2021,212.74,18680200,214.17,215.46,212.53
05/26/2021,211.78,9405776,212.30,213.75,211.54
05/25/2021,211.13,14116060,212.83,214.05,211.01
05/24/2021,210.44,15884250,210.03,212.01,208.70
05/21/2021,211.06,22825520,215.23,215.89,209.87
05/20/2021,216.99,19123430,212.995,217.63,212.63
05/19/2021,212.54,17030420,211.10,212.91,210.12
05/18/2021,213.72,19519450,212.50,215.17,211.42
05/17/2021,211.05,20513720,210.615,213.15,209.44
05/14/2021,209.51,31626840,209.924,210.94,206.02
05/13/2021,206.08,51693880,213.15,215.50,204.39
05/12/2021,219.90,20366880,224.74,225.29,219.00
05/11/2021,221.38,13887680,213.71,221.39,213.00
05/10/2021,219.53,17266710,222.87,222.87,218.56
05/07/2021,225.31,10550050,227.90,228.79,225.05
05/06/2021,226.42,12247670,227.11,228.44,222.88
05/05/2021,226.78,7243206,228.00,229.30,226.73
05/04/2021,227.90,13260490,230.25,231.48,225.45
05/03/2021,230.71,13620870,231.27,236.1699,230.4052
04/30/2021,230.95,9326397,231.77,233.85,230.51
04/29/2021,234.18,9552775,237.79,238.05,232.60
04/28/2021,236.72,9187713,237.57,239.22,236.33
04/27/2021,235.92,11646350,233.44,236.93,232.08
04/26/2021,232.70,7792876,231.50,233.49,230.82
04/23/2021,232.08,8972039,230.65,233.00,230.51
04/22/2021,229.35,11986210,228.765,234.00,227.8201
04/21/2021,229.44,14315890,229.33,229.49,226.0701
04/20/2021,229.88,12093950,232.87,234.63,228.4301
04/19/2021,234.78,11216020,237.44,238.42,232.81
04/16/2021,238.69,14418800,241.89,241.89,237.82
04/15/2021,239.09,11288940,240.00,240.95,238.1268
04/14/2021,239.23,12405170,244.37,245.09,238.65
04/13/2021,241.89,20793040,243.66,245.69,239.69
04/12/2021,244.01,57500270,237.89,244.91,236.65
04/09/2021,223.31,19763030,224.85,225.07,221.32
04/08/2021,228.24,12211330,228.50,229.42,226.62
04/07/2021,225.42,18034850,226.11,228.19,224.80
04/06/2021,230.57,18100360,226.03,232.00,225.74
04/05/2021,225.30,14962140,226.53,226.57,222.52
04/01/2021,224.36,23497460,230.68,231.25,223.50
03/31/2021,226.73,16825400,229.89,231.52,226.47
03/30/2021,229.25,14828660,229.27,230.45,226.64
03/29/2021,231.86,18029110,225.49,232.38,225.10
03/26/2021,227.26,22030750,222.00,229.239,220.42
03/25/2021,222.72,24819820,225.00,229.24,222.50
03/24/2021,229.59,15949850,236.83,237.30,229.24
03/23/2021,237.67,12295570,237.30,241.12,235.50
03/22/2021,237.12,12063170,235.855,238.53,235.00
03/19/2021,239.79,15959660,239.66,241.60,236.8838
03/18/2021,236.43,14836080,238.56,239.50,235.56
03/17/2021,233.34,16949510,226.50,235.63,225.81
03/16/2021,226.93,19336590,228.07,229.85,225.53
03/15/2021,230.28,14520330,228.41,230.45,226.26
03/12/2021,231.87,17778450,233.695,235.45,229.7058
03/11/2021,240.80,15162530,237.20,241.72,235.00
03/10/2021,234.30,10491180,241.00,241.325,233.64
03/09/2021,238.14,15291260,233.38,238.74,233.075
03/08/2021,226.69,17138380,229.02,230.81,226.53
03/05/2021,233.89,15988380,235.42,236.43,228.34
03/04/2021,230.50,22964850,235.00,236.37,228.36
03/03/2021,236.27,13571670,237.50,239.6086,234.4506
03/02/2021,234.42,14644190,238.79,241.20,234.27
03/01/2021,241.69,14043350,241.05,242.79,239.26
02/26/2021,237.76,17470660,244.63,244.90,237.65
02/25/2021,240.18,17967250,250.00,250.34,240.07
02/24/2021,250.34,12831650,252.00,252.00,248.10
02/23/2021,252.75,15980270,247.31,254.90,241.62
02/22/2021,254.00,14403490,257.99,259.46,254.00
02/19/2021,263.59,14718440,266.05,269.39,262.85
02/18/2021,264.51,15382350,265.23,266.18,262.33
02/17/2021,270.83,13262400,270.89,272.316,267.81
02/16/2021,270.70,16708660,271.00,274.29,270.40
02/12/2021,267.85,9355082,269.09,270.25,265.6804
02/11/2021,268.93,15295790,268.75,274.26,267.20
02/10/2021,267.79,13090790,268.70,270.40,264.60
02/09/2021,266.49,12432770,263.00,267.20,262.54
02/08/2021,262.59,10758150,264.98,265.00,261.82
02/05/2021,265.67,11018670,264.61,266.45,263.21
02/04/2021,266.96,16762980,269.58,269.99,265.5576
02/03/2021,263.43,29179690,264.70,268.28,261.2501
02/02/2021,254.50,30534340,264.57,265.00,254.04
02/01/2021,264.69,15289300,258.80,265.00,255.195
01/29/2021,253.83,14692990,256.03,258.90,252.30
01/28/2021,260.76,10244930,259.17,261.57,257.33
01/27/2021,260.25,16050390,265.13,265.92,259.95
01/26/2021,265.92,14681230,263.80,266.00,261.12
01/25/2021,261.38,19478550,263.62,265.20,257.85
01/22/2021,258.62,13518250,256.80,260.33,255.50
01/21/2021,260.00,20709880,264.13,264.60,257.90
01/20/2021,265.49,44640840,267.50,269.00,262.70
01/19/2021,251.65,23681890,250.00,252.88,246.99
01/15/2021,243.46,21561650,246.25,246.99,242.1501
01/14/2021,242.98,31381640,245.31,245.70,241.47
01/13/2021,235.30,38805070,229.94,240.49,226.29
01/12/2021,225.60,19042930,228.385,229.75,225.14
01/11/2021,227.37,23036860,229.90,230.8245,225.86
01/08/2021,236.19,34884940,227.88,238.60,226.6833
01/07/2021,226.90,49361840,229.31,229.95,220.09
01/06/2021,227.61,37146060,234.95,238.30,225.86
01/05/2021,240.40,35823830,229.05,240.76,228.12
01/04/2021,227.85,24897860,226.50,230.38,225.04
12/31/2020,232.73,23451850,237.46,238.92,231.0267
12/30/2020,238.39,44812300,243.3484,243.39,234.6452
12/29/2020,236.26,69715950,231.76,239.19,229.60
12/28/2020,222.36,73512100,216.88,224.99,215.3201
12/24/2020,222.00,141830000,228.235,229.90,211.23
12/23/2020,256.18,10729150,255.50,257.3499,252.5301
12/22/2020,255.83,11485740,257.87,258.34,255.41
12/21/2020,260.43,10901780,255.17,260.46,254.50
12/18/2020,260.00,15981760,263.90,264.90,259.20
12/17/2020,264.43,14306570,264.70,264.85,260.20
12/16/2020,261.89,15804750,257.74,263.18,257.04
12/15/2020,255.11,16595640,255.34,255.68,252.30
12/14/2020,256.03,18369890,260.32,260.855,256.03
12/11/2020,264.54,7771290,264.29,265.3199,262.50
12/10/2020,264.87,10290250,261.99,266.0899,261.2001
12/09/2020,263.80,9060730,267.56,267.91,263.10
12/08/2020,266.09,9447654,265.20,268.40,263.87
12/07/2020,264.00,11388710,265.70,265.97,262.60
12/04/2020,267.25,15527570,271.02,271.30,266.27
12/03/2020,266.91,15520490,263.78,268.60,263.14
12/02/2020,261.32,13919670,262.00,263.10,260.11
12/01/2020,264.01,14606290,265.47,265.67,261.57
11/30/2020,263.36,30476120,268.97,268.97,262.52
11/27/2020,276.48,9583197,278.80,278.92,275.6656
11/25/2020,277.72,15229300,275.70,279.33,274.05
11/24/2020,279.96,20660480,276.235,280.61,272.80
11/23/2020,270.11,25317120,274.75,275.73,266.4107
11/20/2020,270.74,34178420,263.97,272.3699,261.90
11/19/2020,259.89,20752830,255.00,261.40,253.5601
11/18/2020,255.83,28307120,257.76,258.31,252.55
11/17/2020,256.80,19739460,260.28,260.28,256.54
11/16/2020,258.31,20864160,260.42,262.57,257.03
11/13/2020,260.84,33919960,264.72,265.44,257.17
11/12/2020,264.31,27181050,271.04,271.20,263.04
11/11/2020,265.65,41698980,261.92,271.92,261.205
11/10/2020,266.54,61063980,279.97,280.00,264.33
11/09/2020,290.53,22559870,303.77,304.00,290.50
11/06/2020,299.95,25259570,291.49,300.89,289.786
11/05/2020,287.75,49885850,289.09,291.25,279.60
11/04/2020,295.71,28791200,287.79,299.17,285.30
11/03/2020,285.57,58132490,286.20,294.28,280.78
11/02/2020,310.84,11857640,310.95,311.44,305.39
10/30/2020,304.69,14923850,308.55,310.83,300.19
10/29/2020,312.56,11174520,309.44,315.58,308.91
10/28/2020,307.94,13644450,313.50,313.50,306.00
10/27/2020,317.14,13175870,307.75,319.32,305.61
10/26/2020,306.87,9350118,309.92,315.4599,303.20
10/23/2020,309.92,6231438,307.27,310.33,304.06
10/22/2020,306.28,8013083,311.46,311.85,304.2101
10/21/2020,307.97,11139660,311.75,314.00,307.70
10/20/2020,309.81,8806118,307.60,311.80,307.06
10/19/2020,305.29,14107280,309.89,313.81,303.41
10/16/2020,307.31,12346460,303.99,310.00,302.95
10/15/2020,299.46,9709898,293.80,299.8628,292.61
10/14/2020,301.04,15186390,309.00,309.96,300.80
10/13/2020,308.78,10898540,306.36,310.01,303.03
10/12/2020,306.34,14780070,303.95,309.64,301.2848
10/09/2020,299.74,11442250,298.55,302.61,297.74
10/08/2020,300.54,15105810,298.11,302.30,295.441
10/07/2020,296.50,16669300,297.99,299.51,292.87
10/06/2020,292.39,15860390,287.41,296.84,286.91
10/05/2020,288.27,17876410,289.06,290.00,284.88
10/02/2020,288.17,11482750,286.62,291.9794,286.51
10/01/2020,290.05,16304020,295.26,295.59,288.25
09/30/2020,293.98,24777740,284.01,295.00,283.71
09/29/2020,276.93,7679306,275.43,279.30,274.90
09/28/2020,276.01,8761678,275.53,278.84,274.1989
09/25/2020,271.09,11466560,267.57,271.81,264.56
09/24/2020,269.73,9562132,267.93,271.25,267.3338
09/23/2020,272.95,7353201,275.40,277.83,271.50
09/22/2020,275.29,9673302,276.02,276.32,270.05
09/21/2020,273.82,9076431,269.10,274.22,266.40
09/18/2020,272.41,11753470,275.98,277.27,270.55
09/17/2020,275.72,8016913,273.11,275.90,272.3213
09/16/2020,278.14,9591242,281.03,283.605,278.00
09/15/2020,277.96,8291360,278.00,279.10,274.80
09/14/2020,274.10,7883271,275.36,276.29,271.76
09/11/2020,271.61,9412804,272.63,274.53,268.12
09/10/2020,267.55,10676760,274.90,277.10,267.40
09/09/2020,273.15,9465664,274.45,275.64,270.88
09/08/2020,270.02,12734050,270.23,273.97,266.59
09/04/2020,281.39,15885840,279.60,283.78,267.39
09/03/2020,282.50,16766250,289.00,290.7334,278.16
09/02/2020,296.07,12638550,299.00,299.00,289.79
09/01/2020,298.00,13815920,289.20,298.00,288.87
08/31/2020,287.03,13253800,288.62,289.19,283.61
08/28/2020,289.00,9689610,285.09,289.50,283.57
08/27/2020,284.17,14805800,290.17,290.25,282.10
08/26/2020,291.96,19530250,289.26,292.48,284.10
08/25/2020,286.00,27535470,278.06,289.12,276.04
08/24/2020,276.02,22475760,273.24,276.97,271.62
08/21/2020,265.80,25648220,259.03,267.43,258.31
08/20/2020,257.97,21460770,256.89,258.88,254.18
08/19/2020,260.59,14096510,260.89,261.29,257.38
08/18/2020,259.20,13267830,258.71,261.42,256.06
08/17/2020,256.96,9759984,253.00,257.375,250.085
08/14/2020,253.97,7876422,255.49,255.77,251.64
08/13/2020,253.72,8794502,256.39,256.97,252.8799
08/12/2020,255.19,11120390,249.25,256.08,248.68
08/11/2020,248.42,10681760,251.29,252.88,247.83
08/10/2020,248.13,13621710,249.34,251.7499,246.10
08/07/2020,252.10,22529640,257.41,257.76,247.57
08/06/2020,265.68,10359470,263.42,265.70,259.20
08/05/2020,264.91,10729170,263.74,265.976,261.755
08/04/2020,262.20,10994460,260.08,262.56,258.82
08/03/2020,257.94,11534530,254.02,260.65,254.00
07/31/2020,251.02,12310670,254.20,254.40,248.10
07/30/2020,252.74,7032900,251.70,253.86,249.62
07/29/2020,252.45,11493580,250.34,254.30,250.10
07/28/2020,249.05,9878735,251.15,251.65,248.53
07/27/2020,250.86,18966860,247.11,252.87,245.81
07/24/2020,249.00,17221470,244.96,249.48,241.89
07/23/2020,251.88,25711960,252.10,257.66,248.69
07/22/2020,251.70,19682210,255.76,256.27,249.60
07/21/2020,257.90,17130280,261.21,261.92,256.52
07/20/2020,254.81,19014960,256.45,257.67,252.43
07/17/2020,247.14,18752950,246.55,247.9299,244.48
07/16/2020,242.50,18032140,241.77,245.05,240.74
07/15/2020,249.21,12614710,251.48,252.50,246.54
07/14/2020,248.58,19782610,246.57,249.75,241.23
07/13/2020,251.67,21568750,261.45,265.66,250.68
07/10/2020,261.01,20335040,260.21,261.90,255.71
07/09/2020,261.58,36803870,265.55,268.00,255.91
07/08/2020,257.68,39922720,244.86,258.49,244.02
07/07/2020,236.51,16491640,241.01,241.30,236.13
07/06/2020,240.00,33702920,233.31,240.48,232.82
07/02/2020,223.60,18128690,221.85,225.025,220.06
07/01/2020,215.95,11788090,215.81,216.55,214.74
06/30/2020,215.70,12933790,215.74,216.43,212.89
06/29/2020,215.02,12333040,215.03,216.50,211.82
06/26/2020,215.71,19340640,222.21,222.26,213.50
06/25/2020,222.16,14953100,224.59,224.69,220.87
06/24/2020,226.22,12159460,228.30,231.03,224.2524
06/23/2020,228.75,18263430,225.12,230.225,224.53
06/22/2020,221.41,13303570,220.92,222.08,219.445
06/19/2020,220.64,19545190,226.38,226.50,220.09
06/18/2020,223.54,10358780,223.74,226.03,222.92
06/17/2020,224.25,12486740,224.40,225.00,222.50
06/16/2020,222.62,17212390,221.00,224.84,220.1001
06/15/2020,217.03,17419860,214.11,217.72,212.75
06/12/2020,217.64,12716540,218.50,219.50,213.88
06/11/2020,215.24,15560260,218.00,219.95,213.56
06/10/2020,223.68,13372410,222.00,225.00,220.60
06/09/2020,220.72,14140090,216.31,220.72,216.20
06/08/2020,219.00,12731210,219.60,220.40,215.33
06/05/2020,219.55,11983200,220.00,220.59,218.70
06/04/2020,218.04,14962420,217.28,220.00,216.32
06/03/2020,218.61,19999510,215.60,218.97,213.75
06/02/2020,214.33,22485810,207.21,214.57,207.17
06/01/2020,206.57,16169730,205.90,207.20,203.94
05/29/2020,207.39,43211480,200.00,207.88,196.70
05/28/2020,199.49,18787180,199.00,202.37,197.62
05/27/2020,201.18,23605370,202.99,202.99,196.75
05/26/2020,201.72,28683230,205.94,206.80,201.00
05/22/2020,199.70,51979250,203.23,204.88,198.99
05/21/2020,212.16,29850680,211.29,214.58,209.53
05/20/2020,216.79,38324070,220.00,221.1574,210.58
05/19/2020,217.20,21438090,216.73,220.59,215.19
05/18/2020,215.28,23646770,212.50,215.47,210.37
05/15/2020,203.68,17209460,200.70,204.4899,200.10
05/14/2020,201.30,20025900,195.50,201.77,194.03
05/13/2020,199.46,22429700,203.62,204.68,197.98
05/12/2020,200.31,17826810,206.95,208.05,200.02
05/11/2020,205.40,17920670,202.78,206.64,202.38
05/08/2020,201.19,23830130,199.80,203.02,198.68
05/07/2020,196.49,16164640,198.00,198.09,194.78
05/06/2020,195.17,18598890,197.67,198.91,194.93
05/05/2020,195.02,22957250,196.38,198.27,194.20
05/04/2020,191.15,25709380,194.76,195.00,189.53
05/01/2020,194.48,22276190,195.75,197.38,192.86
04/30/2020,202.67,20107380,206.25,206.70,199.29
04/29/2020,206.70,19117820,202.93,207.08,202.51
04/28/2020,201.15,17203780,204.81,205.19,199.407
04/27/2020,203.69,17286820,207.55,207.78,202.03
04/24/2020,204.36,14682370,205.89,206.50,202.82
04/23/2020,205.24,20424050,210.24,210.56,203.46
04/22/2020,209.96,13486060,212.00,212.00,209.21
04/21/2020,207.34,14107610,209.90,212.13,205.03
04/20/2020,212.13,19295400,209.87,216.10,209.36
04/17/2020,209.50,13558470,214.9797,214.9797,208.8514
04/16/2020,212.66,16353820,210.53,213.25,209.12
04/15/2020,208.17,10768070,204.77,209.15,201.31
04/14/2020,204.78,16757150,204.95,207.97,204.25
04/13/2020,199.44,16117870,197.40,200.325,195.53
04/09/2020,196.37,17821330,198.65,200.35,193.40
04/08/2020,195.98,13607950,198.34,198.86,193.8835
04/07/2020,198.00,14934470,200.05,201.45,197.05
04/06/2020,196.45,13248680,194.74,196.88,192.70
04/03/2020,187.11,9483140,190.12,190.55,185.41
04/02/2020,188.90,13412060,186.08,191.30,185.6922
04/01/2020,187.56,17948560,189.50,192.87,185.04
03/31/2020,194.48,19084780,192.00,196.79,190.60
03/30/2020,191.27,12254430,187.48,191.48,187.01
03/27/2020,188.59,13376350,189.97,192.74,188.00
03/26/2020,195.32,15426100,188.64,196.32,187.60
03/25/2020,188.56,19605250,185.82,195.19,184.5151
03/24/2020,185.75,20801490,183.09,188.80,181.18
03/23/2020,176.34,22554720,175.27,178.50,169.95
03/20/2020,181.30,21006080,187.74,188.30,180.00
03/19/2020,180.88,20905690,179.26,187.25,177.39
03/18/2020,180.00,22054200,176.00,182.41,170.00
03/17/2020,184.81,19276540,181.26,189.39,179.69
03/16/2020,178.85,26628480,176.15,188.00,174.50
03/13/2020,194.00,23650500,194.90,195.99,187.81
03/12/2020,185.10,30247100,186.50,190.4865,183.93
03/11/2020,198.91,18931800,201.65,203.10,196.11
03/10/2020,206.39,19022620,205.53,207.45,200.80
03/09/2020,197.66,25502570,195.62,199.89,193.93
03/06/2020,204.64,21700510,206.70,207.00,201.10
03/05/2020,211.46,13462890,210.00,215.15,209.14
03/04/2020,211.96,12474380,209.49,212.70,208.85
03/03/2020,207.41,20813800,211.08,211.39,202.2398
03/02/2020,210.98,21542240,208.59,211.11,203.7563
02/28/2020,208.00,31276200,198.98,208.92,198.561
02/27/2020,205.03,22741180,205.01,209.97,201.86
02/26/2020,208.74,19544270,206.80,213.08,206.79
02/25/2020,205.61,18132380,208.51,209.95,204.10
02/24/2020,206.16,19380230,203.55,207.28,202.51
02/21/2020,212.59,17700800,217.54,217.60,211.56
02/20/2020,218.04,14950090,222.50,222.50,214.22
02/19/2020,222.14,10798110,221.52,223.56,220.75
02/18/2020,220.52,13024900,218.55,220.85,217.51
02/14/2020,219.63,10689950,221.10,221.64,218.23
02/13/2020,220.36,28069670,220.00,225.00,218.99
02/12/2020,224.31,18671910,221.13,225.52,220.21
02/11/2020,217.21,16073460,219.91,220.01,215.29
02/10/2020,215.77,17420300,213.50,215.77,212.20
02/07/2020,216.53,13790260,217.46,217.84,214.88
02/06/2020,220.90,10790820,223.13,223.65,219.78
02/05/2020,220.22,15766070,226.52,226.70,217.54
02/04/2020,222.88,16695140,221.35,224.38,220.49
02/03/2020,213.10,14131890,208.67,215.02,208.67
01/31/2020,206.59,18181410,206.50,207.93,204.7282
01/30/2020,208.58,14376000,207.88,209.86,205.03
01/29/2020,212.02,12896300,212.56,213.98,209.52
01/28/2020,210.23,16196720,209.74,210.91,207.17
01/27/2020,205.47,24574680,201.22,208.02,199.50
01/24/2020,213.75,18143870,218.49,219.83,211.3251
01/23/2020,219.13,18519890,217.93,220.13,216.77
01/22/2020,222.37,10059580,224.69,225.58,222.00
01/21/2020,222.26,15831090,222.45,222.60,220.7295
01/17/2020,227.43,12956200,225.90,228.00,225.35
01/16/2020,223.94,13712550,226.30,226.33,222.73
01/15/2020,225.06,10743370,226.65,227.82,224.39
01/14/2020,226.49,17302160,230.05,230.175,224.88
01/13/2020,230.48,17571890,228.81,231.14,227.04
01/10/2020,223.83,12302130,223.90,225.96,222.061
01/09/2020,221.78,13143890,221.50,223.08,220.82
01/08/2020,218.00,11983090,216.60,220.65,216.32
01/07/2020,217.63,9539012,217.64,218.94,216.69
01/06/2020,216.64,11892480,214.89,217.16,214.09
01/03/2020,217.00,8608281,216.35,218.2025,216.01
01/02/2020,219.77,15882900,216.60,219.98,216.54
12/31/2019,212.10,6776071,212.00,213.64,210.73
12/30/2019,212.91,8745942,215.78,215.78,211.76
12/27/2019,215.47,11678670,217.99,218.11,215.17
12/26/2019,216.38,6917445,214.65,216.99,214.33
12/24/2019,214.26,5522987,215.01,215.43,213.35
12/23/2019,214.83,12538760,213.25,215.05,212.91
12/20/2019,212.25,26672840,211.35,213.98,210.42
12/19/2019,210.13,12168470,209.61,211.37,209.23
12/18/2019,210.00,13497200,208.53,210.05,208.04
12/17/2019,208.18,11299100,208.69,208.87,206.82
12/16/2019,206.97,16744470,206.33,209.15,206.19
12/13/2019,204.91,19283800,205.76,207.10,203.77
12/12/2019,204.50,22494330,203.71,206.00,202.00
12/11/2019,204.64,11770950,201.10,204.80,200.72
12/10/2019,200.45,11635950,200.71,202.48,199.23
12/09/2019,198.74,14340920,200.32,203.43,198.55
12/06/2019,201.89,14095650,201.11,202.00,199.51
12/05/2019,200.00,22310250,196.93,200.94,196.43
12/04/2019,193.74,14862560,195.53,196.66,193.23
12/03/2019,194.90,18440370,190.97,195.00,189.85
12/02/2019,196.31,19414420,198.58,198.67,193.51
11/29/2019,200.00,18593110,199.81,200.43,198.3502
11/27/2019,200.82,33129380,197.24,200.98,197.00
11/26/2019,194.70,51885410,190.39,195.00,189.04
11/25/2019,190.45,19193460,188.32,190.72,187.88
11/22/2019,186.78,10541030,185.80,186.78,183.935
11/21/2019,184.86,10254740,181.77,184.89,181.60
11/20/2019,182.35,16694400,183.67,183.70,181.06
11/19/2019,185.25,13457360,186.31,186.71,183.87
11/18/2019,184.61,11830910,186.98,186.98,184.16
11/15/2019,185.49,11312540,184.00,185.60,183.71
11/14/2019,182.80,12750090,182.87,184.50,181.3212
11/13/2019,182.48,15428500,185.47,185.674,181.00
11/12/2019,186.97,11797650,185.91,187.65,185.14
11/11/2019,186.71,20572430,184.82,187.20,181.37
11/08/2019,187.16,19737270,187.902,188.28,185.15
11/07/2019,186.66,20162590,187.07,188.07,184.69
